fight_id,event_name,event_date,fighter_a,fighter_b,odds_a_decimal,odds_b_decimal,actual_winner
,UFC 329: McGregor vs Holloway 2,2026-07-11,Max Holloway,Conor McGregor,1.429,3.23,Max Holloway
,UFC 329: McGregor vs Holloway 2,2026-07-11,Benoit St. Denis,Paddy Pimblett,1.855,2.13,Paddy Pimblett
,UFC 329: McGregor vs Holloway 2,2026-07-11,Cory Sandhagen,Mario Bautista,1.752,2.27,Mario Bautista
,UFC 329: McGregor vs Holloway 2,2026-07-11,Lone'er Kavanagh,Brandon Royval,1.538,2.78,Brandon Royval
,UFC 329: McGregor vs Holloway 2,2026-07-11,Terrance McKinney,King Green,2.0,1.962,King Green
,UFC 329: McGregor vs Holloway 2,2026-07-11,Robert Whittaker,Nikita Krylov,1.855,2.13,Robert Whittaker
,UFC 329: McGregor vs Holloway 2,2026-07-11,Gable Steveson,Elisha Ellison,1.124,8.33,Gable Steveson
,UFC 329: McGregor vs Holloway 2,2026-07-11,Adrian Yanez,Cody Garbrandt,1.282,4.35,Adrian Yanez
,UFC 329: McGregor vs Holloway 2,2026-07-11,Luke Riley,Kai Kamaka III,1.469,3.03,Luke Riley
,UFC 329: McGregor vs Holloway 2,2026-07-11,Farid Basharat,John Garza,1.154,5.75,Farid Basharat
,UFC 329: McGregor vs Holloway 2,2026-07-11,Cong Wang,Tracy Cortez,1.847,1.98,Cong Wang
,UFC 329: McGregor vs Holloway 2,2026-07-11,Damian Pinas,Cesar Almeida,1.388,3.1,Damian Pinas
,UFC 329: McGregor vs Holloway 2,2026-07-11,Ryan Gandra,Zach Reese,1.714,2.2,Ryan Gandra
,UFC 329: McGregor vs Holloway 2,2026-07-11,Alessandro Costa,Cody Durden,1.392,3.15,Alessandro Costa
,UFC Fight Night: Du Plessis vs Usman,2026-07-18,Dricus Du Plessis,Kamaru Usman,1.469,3.03,Dricus Du Plessis
,UFC Fight Night: Du Plessis vs Usman,2026-07-18,Christian Leroy Duncan,Jared Cannonier,1.37,3.57,Christian Leroy Duncan
,UFC Fight Night: Du Plessis vs Usman,2026-07-18,Chase Hooper,Mitch Ramirez,1.315,4.0,Chase Hooper
,UFC Fight Night: Du Plessis vs Usman,2026-07-18,Tommy McMillen,Alberto Montes,1.82,2.17,Tommy McMillen
,UFC Fight Night: Du Plessis vs Usman,2026-07-18,Fatima Kline,Tabatha Ricci,1.266,4.55,Fatima Kline
,UFC Fight Night: Du Plessis vs Usman,2026-07-18,Austin Bashi,Jose Delgado,1.962,2.0,Jose Delgado
,UFC Fight Night: Du Plessis vs Usman,2026-07-18,Seok Hyun Ko,Jean-Paul Lebosnoyani,1.417,2.81,Jean-Paul Lebosnoyani
,UFC Fight Night: Du Plessis vs Usman,2026-07-18,Levi Rodrigues,Felipe Franco,1.667,2.44,Felipe Franco
,UFC Fight Night: Du Plessis vs Usman,2026-07-18,Alden Coria,Stewart Nicoll,1.136,7.69,Alden Coria
,UFC Fight Night: Du Plessis vs Usman,2026-07-18,Alvin Hines,RJ Harris,1.671,2.23,RJ Harris
,UFC Fight Night: Du Plessis vs Usman,2026-07-18,Dione Barbosa,Anna Melisano,1.204,4.97,Dione Barbosa
,UFC Fight Night: Ankalaev vs Guskov,2026-07-25,Magomed Ankalaev,Bogdan Guskov,1.19,4.97,Magomed Ankalaev
,UFC Fight Night: Ankalaev vs Guskov,2026-07-25,Ramazan Temirov,Steve Erceg,1.962,2.0,Ramazan Temirov
,UFC Fight Night: Ankalaev vs Guskov,2026-07-25,Magomed Zaynukov,Damian Rzepecki,1.351,3.7,Magomed Zaynukov
,UFC Fight Night: Ankalaev vs Guskov,2026-07-25,Islam Dulatov,Wellington Turman,1.136,7.69,
,UFC Fight Night: Ankalaev vs Guskov,2026-07-25,Rizvan Kuniev,Tyrell Fortune,1.37,3.57,Rizvan Kuniev
,UFC Fight Night: Ankalaev vs Guskov,2026-07-25,Valter Walker,Thomas Petersen,1.562,2.7,Valter Walker
,UFC Fight Night: Ankalaev vs Guskov,2026-07-25,Axel Sola,Ismael Bonfim,1.588,2.63,Axel Sola
,UFC Fight Night: Ankalaev vs Guskov,2026-07-25,Sam Patterson,Santiago Ponzinibbio,1.282,4.35,Sam Patterson
,UFC Fight Night: Ankalaev vs Guskov,2026-07-25,Dustin Jacoby,Muhammad Said,1.621,2.4,Muhammad Said
,UFC Fight Night: Ankalaev vs Guskov,2026-07-25,Magomed Tuchalov,Brendson Ribeiro,1.149,7.14,Magomed Tuchalov
,UFC Fight Night: Ankalaev vs Guskov,2026-07-25,Nurullo Aliev,Mike Davis,1.488,2.7,Nurullo Aliev
,UFC Fight Night: Ankalaev vs Guskov,2026-07-25,Abdul Hussein,Cody Gibson,1.222,4.5,Abdul Hussein
,UFC Fight Night: Medic vs Rodriguez,2026-08-01,Uros Medic,Daniel Rodriguez,1.25,4.0,Uros Medic
,UFC Fight Night: Medic vs Rodriguez,2026-08-01,Jan Blachowicz,Navajo Stirling,3.55,1.3,Navajo Stirling
,UFC Fight Night: Medic vs Rodriguez,2026-08-01,Aleksandar Rakic,Marcin Tybura,1.27,3.75,Aleksandar Rakic
,UFC Fight Night: Medic vs Rodriguez,2026-08-01,Dusko Todorovic,Robert Valentin,2.34,1.61,Robert Valentin
,UFC Fight Night: Medic vs Rodriguez,2026-08-01,Vlasto Cepo,Gilbert Urbina,1.28,3.65,Gilbert Urbina
,UFC Fight Night: Medic vs Rodriguez,2026-08-01,Milos Janicic,Noah Gugnon,1.98,1.83,Noah Gugnon
,UFC Fight Night: Medic vs Rodriguez,2026-08-01,Ludovit Klein,Tofiq Musayev,1.37,3.1,Tofiq Musayev
,UFC Fight Night: Medic vs Rodriguez,2026-08-01,Michael Oliveira,Oban Elliott,1.28,3.8,Michael Oliveira
,UFC Fight Night: Medic vs Rodriguez,2026-08-01,Borislav Nikolic,Mark Vologdin,1.52,2.6,Borislav Nikolic
,UFC Fight Night: Medic vs Rodriguez,2026-08-01,Bogdan Grad,Dennis Buzukja,1.5,2.65,Bogdan Grad
,UFC Fight Night: Medic vs Rodriguez,2026-08-01,Mateusz Rebecki,Kyle Prepolec,1.14,5.8,Mateusz Rebecki
,UFC Fight Night: Medic vs Rodriguez,2026-08-01,Hailey Cowan,Nina Milosevic,4.8,1.19,Nina Milosevic
,UFC Fight Night: Medic vs Rodriguez,2026-08-01,Alexander Poppeck,Jovan Leka,3.195,1.375,Jovan Leka
,UFC Fight Night: Medic vs Rodriguez,2026-08-01,Marina Spasic,Stephanie Luciano,3.575,1.3,Stephanie Luciano
,UFC Fight Night: Gamrot vs Salkilld,2026-08-08,Mateusz Gamrot,Quillan Salkilld,2.200,1.680,Quillan Salkilld
,UFC Fight Night: Gamrot vs Salkilld,2026-08-08,Amanda Lemos,Alexia Thainara,2.950,1.410,Alexia Thainara
,UFC Fight Night: Gamrot vs Salkilld,2026-08-08,Ty Miller,Billy Goff,1.315,3.365,Ty Miller
,UFC Fight Night: Gamrot vs Salkilld,2026-08-08,Carlos Diego Ferreira,Billy Quarantillo,1.600,2.400,Carlos Diego Ferreira
,UFC Fight Night: Gamrot vs Salkilld,2026-08-08,Diyar Nurgozhay,Bruno Lopes,1.650,2.300,Diyar Nurgozhay
,UFC Fight Night: Gamrot vs Salkilld,2026-08-08,Darren Elkins,Yadier DelValle,5.750,1.140,Yadier DelValle
,UFC Fight Night: Gamrot vs Salkilld,2026-08-08,Steven Asplund,Guilherme Pat,1.380,2.970,Steven Asplund
,UFC Fight Night: Gamrot vs Salkilld,2026-08-08,Juliana Miller,Ravena Oliveira,1.400,2.950,Juliana Miller
,UFC Fight Night: Gamrot vs Salkilld,2026-08-08,Manoel Sousa,Richie Miranda,1.370,3.220,Manoel Sousa
,UFC Fight Night: Gamrot vs Salkilld,2026-08-08,Louie Sutherland,Jose Montanha,1.620,2.350,Jose Montanha
,UFC 330: Makhachev vs Machado Garry,2026-08-15,Islam Makhachev,Ian Machado Garry,1.280,3.775,Islam Makhachev
,UFC 330: Makhachev vs Machado Garry,2026-08-15,Mackenzie Dern,Gillian Robertson,1.400,2.950,Mackenzie Dern
,UFC 330: Makhachev vs Machado Garry,2026-08-15,Vicente Luque,Tresean Gore,2.100,1.710,Tresean Gore
,UFC 330: Makhachev vs Machado Garry,2026-08-15,Neil Magny,Ramiz Brahimaj,1.885,1.900,Neil Magny
,UFC 330: Makhachev vs Machado Garry,2026-08-15,Edson Barboza,Esteban Ribovics,4.040,1.235,Esteban Ribovics
,UFC 330: Makhachev vs Machado Garry,2026-08-15,Jalin Turner,Kaue Fernandes,1.620,2.250,Jalin Turner
,UFC 330: Makhachev vs Machado Garry,2026-08-15,Jeremiah Wells,Myktybek Orolbai,5.300,1.160,Jeremiah Wells
,UFC 330: Makhachev vs Machado Garry,2026-08-15,Chidi Njokuani,Joel Alvarez,3.050,1.385,Chidi Njokuani
,UFC 330: Makhachev vs Machado Garry,2026-08-15,Mansur Abdul-Malik,Dustin Stoltzfus,1.170,5.000,Dustin Stoltzfus
,UFC 330: Makhachev vs Machado Garry,2026-08-15,Charles Johnson,Jose Ochoa,3.725,1.270,
,UFC 330: Makhachev vs Machado Garry,2026-08-15,Donte Johnson,Eric McConico,1.400,2.900,Donte Johnson
,UFC 330: Makhachev vs Machado Garry,2026-08-15,Rafael Tobias,Lucas Fernando,2.900,1.400,Lucas Fernando
,UFC Fight Night: Hernandez vs Rodrigues,2026-08-22,Anthony Hernandez,Gregory Rodrigues,1.560,2.400,Gregory Rodrigues
,UFC Fight Night: Hernandez vs Rodrigues,2026-08-22,Reinier de Ridder,Roman Dolidze,1.260,3.750,Reinier de Ridder
,UFC Fight Night: Hernandez vs Rodrigues,2026-08-22,Serghei Spivac,Vitor Petrino,2.350,1.580,Vitor Petrino
,UFC Fight Night: Hernandez vs Rodrigues,2026-08-22,MarQuel Mederos,Mason Jones,3.100,1.360,MarQuel Mederos
,UFC Fight Night: Hernandez vs Rodrigues,2026-08-22,Carli Judice,Jeisla Chaves,1.200,4.500,Carli Judice
,UFC Fight Night: Hernandez vs Rodrigues,2026-08-22,Shamil Gaziev,Kennedy Nzechukwu,1.680,2.100,Shamil Gaziev
,UFC Fight Night: Hernandez vs Rodrigues,2026-08-22,Nasrat Haqparast,Chris Padilla,1.880,1.900,Chris Padilla
,UFC Fight Night: Hernandez vs Rodrigues,2026-08-22,Jackson McVey,Wes Schultz,1.545,2.450,Jackson McVey
,UFC Fight Night: Hernandez vs Rodrigues,2026-08-22,Jamall Emmers,Lerryan Douglas,3.850,1.250,Jamall Emmers
,UFC Fight Night: Hernandez vs Rodrigues,2026-08-22,Shanelle Dyer,Elise Reed,1.155,5.125,Shanelle Dyer
,UFC Fight Night: Hernandez vs Rodrigues,2026-08-22,Marcio Barbosa,Ryan Kuse,1.100,7.000,Marcio Barbosa
,UFC Fight Night: Nurmagomedov vs Song,2026-08-29,Umar Nurmagomedov,Song Yadong,1.190,4.750,Song Yadong
,UFC Fight Night: Nurmagomedov vs Song,2026-08-29,Kai Asakura,Aoriqileng,1.220,4.350,Kai Asakura
,UFC Fight Night: Nurmagomedov vs Song,2026-08-29,Sumudaerji,Alex Perez,1.430,2.870,Sumudaerji
,UFC Fight Night: Nurmagomedov vs Song,2026-08-29,Yan Xiaonan,Denise Gomes,1.620,2.320,Denise Gomes
,UFC Fight Night: Nurmagomedov vs Song,2026-08-29,Sean Woodson,Jack Jenkins,1.660,2.230,Sean Woodson
,UFC Fight Night: Nurmagomedov vs Song,2026-08-29,Andre Lima,Namsrai Batbayar,1.380,3.000,Andre Lima
,UFC Fight Night: Nurmagomedov vs Song,2026-08-29,Ding Meng,Cameron Nelson,1.705,2.155,Cameron Nelson
,UFC Fight Night: Nurmagomedov vs Song,2026-08-29,Xiao Long,Francesco Nuzzi,1.555,2.500,Francesco Nuzzi
,UFC Fight Night: Nurmagomedov vs Song,2026-08-29,Lawrence Lui,Hector Santiago,1.330,3.450,Hector Santiago
,UFC Fight Night: Nurmagomedov vs Song,2026-08-29,Julia Polastri,Xiong Jingnan,1.420,2.910,Julia Polastri
,UFC Fight Night: Nurmagomedov vs Song,2026-08-29,Bilal Hasan,Nilson Rojas,1.150,5.400,Bilal Hasan
,UFC Fight Night: Nurmagomedov vs Song,2026-08-29,Rei Tsuruya,Kevin Borjas,1.150,5.550,Rei Tsuruya
,UFC Fight Night: Nurmagomedov vs Song,2026-08-29,Liu Ce,Levi Rodrigues Jr.,1.500,2.600,Liu Ce
,UFC Fight Night: Hooker vs Parnasse,2026-09-05,Dan Hooker,Salahdine Parnasse,4.350,1.210,
,UFC Fight Night: Hooker vs Parnasse,2026-09-05,Fares Ziam,Axel Sola,1.645,2.235,
,UFC Fight Night: Hooker vs Parnasse,2026-09-05,Michael Page,Nursulton Ruziboev,1.540,2.405,
,UFC Fight Night: Hooker vs Parnasse,2026-09-05,Daniil Donchenko,Punahele Soriano,1.450,2.750,
,UFC Fight Night: Hooker vs Parnasse,2026-09-05,Morgan Charriere,Felipe Lima,2.630,1.490,
,UFC Fight Night: Hooker vs Parnasse,2026-09-05,Losene Keita,Muhammad Naimov,1.340,3.250,
,UFC Fight Night: Hooker vs Parnasse,2026-09-05,Mario Pinto,Ryan Spann,1.380,3.020,
,UFC Fight Night: Hooker vs Parnasse,2026-09-05,Kurtis Campbell,Trevor Peek,1.290,3.700,
,UFC Fight Night: Hooker vs Parnasse,2026-09-05,Oumar Sy,Modestas Bukauskas,1.540,2.500,
,UFC Fight Night: Hooker vs Parnasse,2026-09-05,Nathaniel Wood,Mairon Santos,2.080,1.750,
,UFC Fight Night: Hooker vs Parnasse,2026-09-05,Michael Aljarouj,Fabia Sintes,1.620,2.300,
,UFC Fight Night: Hooker vs Parnasse,2026-09-05,Nora Cornolle,Klaudia Sygula,1.750,2.080,
,UFC Fight Night: Hooker vs Parnasse,2026-09-05,Matthieu Duclos,Luis Felipe Dias,1.775,2.050,
,UFC Fight Night: Hooker vs Parnasse,2026-09-05,Delphine Benouaich,Sofia Montenegro,1.565,2.450,
